,LvsI,RM,fname
0,0.9294106960296631,80000,pulse_120303983.calib
1,0.9283512830734253,80050,pulse_120303983.calib
2,0.9271295666694641,80100,pulse_120303983.calib
3,0.9252559542655945,80150,pulse_120303983.calib
4,0.9231052994728088,80200,pulse_120303983.calib
5,0.9129858613014221,80250,pulse_120303983.calib
6,0.8999587893486023,80300,pulse_120303983.calib
7,0.891432523727417,80350,pulse_120303983.calib
8,0.8838055729866028,80400,pulse_120303983.calib
9,0.8774236440658569,80450,pulse_120303983.calib
10,0.8794479370117188,80500,pulse_120303983.calib
11,0.8874483108520508,80550,pulse_120303983.calib
12,0.8965540528297424,80600,pulse_120303983.calib
13,0.906227707862854,80650,pulse_120303983.calib
14,0.9167444109916687,80700,pulse_120303983.calib
15,0.9280482530593872,80750,pulse_120303983.calib
16,0.9404371380805969,80800,pulse_120303983.calib
17,0.9535505175590515,80850,pulse_120303983.calib
18,0.9680274724960327,80900,pulse_120303983.calib
19,0.995370626449585,80950,pulse_120303983.calib
20,1.028459906578064,81000,pulse_120303983.calib
21,1.0500801801681519,81050,pulse_120303983.calib
22,1.0700407028198242,81100,pulse_120303983.calib
23,1.0792607069015503,81150,pulse_120303983.calib
24,1.0805258750915527,81200,pulse_120303983.calib
25,1.0828962326049805,81250,pulse_120303983.calib
26,1.0858889818191528,81300,pulse_120303983.calib
27,1.0895916223526,81350,pulse_120303983.calib
28,1.0939552783966064,81400,pulse_120303983.calib
29,1.0993740558624268,81450,pulse_120303983.calib
30,1.1053783893585205,81500,pulse_120303983.calib
31,1.1123491525650024,81550,pulse_120303983.calib
32,1.1200448274612427,81600,pulse_120303983.calib
33,1.1287044286727905,81650,pulse_120303983.calib
34,1.1384161710739136,81700,pulse_120303983.calib
35,1.1495329141616821,81750,pulse_120303983.calib
36,1.1614123582839966,81800,pulse_120303983.calib
37,1.1619112491607666,81850,pulse_120303983.calib
38,1.1500269174575806,81900,pulse_120303983.calib
39,1.138396978378296,81950,pulse_120303983.calib
40,1.127273440361023,82000,pulse_120303983.calib
41,1.125237226486206,82050,pulse_120303983.calib
42,1.1330232620239258,82100,pulse_120303983.calib
43,1.1424524784088135,82150,pulse_120303983.calib
44,1.153425693511963,82200,pulse_120303983.calib
45,1.1659759283065796,82250,pulse_120303983.calib
46,1.1800787448883057,82300,pulse_120303983.calib
47,1.195888638496399,82350,pulse_120303983.calib
48,1.21358060836792,82400,pulse_120303983.calib
49,1.2329133749008179,82450,pulse_120303983.calib
50,1.2543609142303467,82500,pulse_120303983.calib
51,1.2776110172271729,82550,pulse_120303983.calib
52,1.3031039237976074,82600,pulse_120303983.calib
53,1.3306052684783936,82650,pulse_120303983.calib
54,1.360394835472107,82700,pulse_120303983.calib
55,1.3927925825119019,82750,pulse_120303983.calib
56,1.427590250968933,82800,pulse_120303983.calib
57,1.4491654634475708,82850,pulse_120303983.calib
58,1.4478819370269775,82900,pulse_120303983.calib
59,1.4468669891357422,82950,pulse_120303983.calib
60,1.435402750968933,83000,pulse_120303983.calib
61,1.4137448072433472,83050,pulse_120303983.calib
62,1.3928862810134888,83100,pulse_120303983.calib
63,1.3724185228347778,83150,pulse_120303983.calib
64,1.3530089855194092,83200,pulse_120303983.calib
65,1.3339875936508179,83250,pulse_120303983.calib
66,1.3155778646469116,83300,pulse_120303983.calib
67,1.2977901697158813,83350,pulse_120303983.calib
68,1.2802711725234985,83400,pulse_120303983.calib
69,1.2633270025253296,83450,pulse_120303983.calib
70,1.246603012084961,83500,pulse_120303983.calib
71,1.2305576801300049,83550,pulse_120303983.calib
72,1.2148544788360596,83600,pulse_120303983.calib
73,1.1990571022033691,83650,pulse_120303983.calib
74,1.1839855909347534,83700,pulse_120303983.calib
75,1.1689294576644897,83750,pulse_120303983.calib
76,1.1541690826416016,83800,pulse_120303983.calib
77,1.1397223472595215,83850,pulse_120303983.calib
78,1.1253501176834106,83900,pulse_120303983.calib
79,1.111222505569458,83950,pulse_120303983.calib
80,1.097320795059204,84000,pulse_120303983.calib
81,1.083572506904602,84050,pulse_120303983.calib
82,1.0786945819854736,84100,pulse_120303983.calib
83,1.0781035423278809,84150,pulse_120303983.calib
84,1.078168272972107,84200,pulse_120303983.calib
85,1.0789222717285156,84250,pulse_120303983.calib
86,1.080510139465332,84300,pulse_120303983.calib
87,1.0826998949050903,84350,pulse_120303983.calib
88,1.0854933261871338,84400,pulse_120303983.calib
89,1.0890964269638062,84450,pulse_120303983.calib
90,1.0932923555374146,84500,pulse_120303983.calib
91,1.0982935428619385,84550,pulse_120303983.calib
92,1.103990077972412,84600,pulse_120303983.calib
93,1.110456943511963,84650,pulse_120303983.calib
94,1.1174904108047485,84700,pulse_120303983.calib
95,1.1252719163894653,84750,pulse_120303983.calib
96,1.133777141571045,84800,pulse_120303983.calib
97,1.1430566310882568,84850,pulse_120303983.calib
98,1.152919054031372,84900,pulse_120303983.calib
99,1.1637331247329712,84950,pulse_120303983.calib
100,1.175088882446289,85000,pulse_120303983.calib
101,1.183171033859253,85050,pulse_120303983.calib
102,1.1535632610321045,85100,pulse_120303983.calib
103,1.1242867708206177,85150,pulse_120303983.calib
104,1.0955164432525635,85200,pulse_120303983.calib
105,1.0673258304595947,85250,pulse_120303983.calib
106,1.0399154424667358,85300,pulse_120303983.calib
107,1.0129555463790894,85350,pulse_120303983.calib
108,0.9866306185722351,85400,pulse_120303983.calib
109,0.9608396291732788,85450,pulse_120303983.calib
110,0.9356825947761536,85500,pulse_120303983.calib
111,0.91117924451828,85550,pulse_120303983.calib
112,0.8872371315956116,85600,pulse_120303983.calib
113,0.8639148473739624,85650,pulse_120303983.calib
114,0.8413240909576416,85700,pulse_120303983.calib
115,0.8190042972564697,85750,pulse_120303983.calib
116,0.8077521920204163,85800,pulse_120303983.calib
117,0.799737811088562,85850,pulse_120303983.calib
118,0.7921713590621948,85900,pulse_120303983.calib
119,0.78489750623703,85950,pulse_120303983.calib
120,0.7799092531204224,86000,pulse_120303983.calib
121,0.7754159569740295,86050,pulse_120303983.calib
122,0.7706218957901001,86100,pulse_120303983.calib
123,0.7656081318855286,86150,pulse_120303983.calib
124,0.7601622939109802,86200,pulse_120303983.calib
125,0.7545857429504395,86250,pulse_120303983.calib
126,0.7486525774002075,86300,pulse_120303983.calib
127,0.7425776720046997,86350,pulse_120303983.calib
128,0.7363194823265076,86400,pulse_120303983.calib
129,0.7310331463813782,86450,pulse_120303983.calib
130,0.7275123596191406,86500,pulse_120303983.calib
131,0.7245782017707825,86550,pulse_120303983.calib
132,0.7218344807624817,86600,pulse_120303983.calib
133,0.7195995450019836,86650,pulse_120303983.calib
134,0.717641294002533,86700,pulse_120303983.calib
135,0.7160916328430176,86750,pulse_120303983.calib
136,0.7148338556289673,86800,pulse_120303983.calib
137,0.713917076587677,86850,pulse_120303983.calib
138,0.7136243581771851,86900,pulse_120303983.calib
139,0.7135226130485535,86950,pulse_120303983.calib
140,0.7137116193771362,87000,pulse_120303983.calib
141,0.7143678069114685,87050,pulse_120303983.calib
142,0.7153568267822266,87100,pulse_120303983.calib
143,0.7166224122047424,87150,pulse_120303983.calib
144,0.7183854579925537,87200,pulse_120303983.calib
145,0.7203683257102966,87250,pulse_120303983.calib
146,0.7225876450538635,87300,pulse_120303983.calib
147,0.7252115607261658,87350,pulse_120303983.calib
148,0.7281293272972107,87400,pulse_120303983.calib
149,0.7311723232269287,87450,pulse_120303983.calib
150,0.7345070242881775,87500,pulse_120303983.calib
151,0.7471086978912354,87550,pulse_120303983.calib
152,0.7539185285568237,87600,pulse_120303983.calib
153,0.7468145489692688,87650,pulse_120303983.calib
154,0.7416584491729736,87700,pulse_120303983.calib
155,0.7360603213310242,87750,pulse_120303983.calib
156,0.7302324771881104,87800,pulse_120303983.calib
157,0.7239877581596375,87850,pulse_120303983.calib
158,0.7174739837646484,87900,pulse_120303983.calib
159,0.710730791091919,87950,pulse_120303983.calib
160,0.7037186622619629,88000,pulse_120303983.calib
161,0.698762059211731,88050,pulse_120303983.calib
162,0.6972426772117615,88100,pulse_120303983.calib
163,0.6958934664726257,88150,pulse_120303983.calib
164,0.6943008899688721,88200,pulse_120303983.calib
165,0.6928808689117432,88250,pulse_120303983.calib
166,0.6930419206619263,88300,pulse_120303983.calib
167,0.7041643261909485,88350,pulse_120303983.calib
168,0.7153136134147644,88400,pulse_120303983.calib
169,0.7267991304397583,88450,pulse_120303983.calib
170,0.7383296489715576,88500,pulse_120303983.calib
171,0.7500933408737183,88550,pulse_120303983.calib
172,0.7619640827178955,88600,pulse_120303983.calib
173,0.7740882039070129,88650,pulse_120303983.calib
174,0.7863819599151611,88700,pulse_120303983.calib
175,0.7988576292991638,88750,pulse_120303983.calib
176,0.8114939332008362,88800,pulse_120303983.calib
177,0.824250340461731,88850,pulse_120303983.calib
178,0.8372763395309448,88900,pulse_120303983.calib
179,0.8504251837730408,88950,pulse_120303983.calib
180,0.863960325717926,89000,pulse_120303983.calib
181,0.8775198459625244,89050,pulse_120303983.calib
182,0.8914758563041687,89100,pulse_120303983.calib
183,0.9056885242462158,89150,pulse_120303983.calib
184,0.9199070930480957,89200,pulse_120303983.calib
185,0.934606671333313,89250,pulse_120303983.calib
186,0.9494408965110779,89300,pulse_120303983.calib
187,0.9644550681114197,89350,pulse_120303983.calib
188,0.9801506996154785,89400,pulse_120303983.calib
189,0.9959836006164551,89450,pulse_120303983.calib
190,1.0120729207992554,89500,pulse_120303983.calib
191,1.0284855365753174,89550,pulse_120303983.calib
192,1.0453146696090698,89600,pulse_120303983.calib
193,1.0626308917999268,89650,pulse_120303983.calib
194,1.0802619457244873,89700,pulse_120303983.calib
195,1.0938555002212524,89750,pulse_120303983.calib
196,1.094063639640808,89800,pulse_120303983.calib
197,1.0944725275039673,89850,pulse_120303983.calib
198,1.0951757431030273,89900,pulse_120303983.calib
199,1.0960546731948853,89950,pulse_120303983.calib
200,1.0971050262451172,90000,pulse_120303983.calib
201,1.0982738733291626,90050,pulse_120303983.calib
202,1.0998620986938477,90100,pulse_120303983.calib
203,1.1015093326568604,90150,pulse_120303983.calib
204,1.103542685508728,90200,pulse_120303983.calib
205,1.1058413982391357,90250,pulse_120303983.calib
206,1.1082872152328491,90300,pulse_120303983.calib
207,1.1110341548919678,90350,pulse_120303983.calib
208,1.114138126373291,90400,pulse_120303983.calib
209,1.117407202720642,90450,pulse_120303983.calib
210,1.121046781539917,90500,pulse_120303983.calib
211,1.1249492168426514,90550,pulse_120303983.calib
212,1.1290000677108765,90600,pulse_120303983.calib
213,1.1334058046340942,90650,pulse_120303983.calib
214,1.138182520866394,90700,pulse_120303983.calib
215,1.1430584192276,90750,pulse_120303983.calib
216,1.148077130317688,90800,pulse_120303983.calib
217,1.153629183769226,90850,pulse_120303983.calib
218,1.135519027709961,90900,pulse_120303983.calib
219,1.0984236001968384,90950,pulse_120303983.calib
220,1.078701376914978,91000,pulse_120303983.calib
221,1.0788159370422363,91050,pulse_120303983.calib
222,1.0785882472991943,91100,pulse_120303983.calib
223,1.077569842338562,91150,pulse_120303983.calib
224,1.0760498046875,91200,pulse_120303983.calib
225,1.0740858316421509,91250,pulse_120303983.calib
226,1.0717228651046753,91300,pulse_120303983.calib
227,1.0688215494155884,91350,pulse_120303983.calib
228,1.065696120262146,91400,pulse_120303983.calib
229,1.0620447397232056,91450,pulse_120303983.calib
230,1.058217167854309,91500,pulse_120303983.calib
231,1.0541878938674927,91550,pulse_120303983.calib
232,1.0495238304138184,91600,pulse_120303983.calib
233,1.0449988842010498,91650,pulse_120303983.calib
234,1.0399383306503296,91700,pulse_120303983.calib
235,1.034724473953247,91750,pulse_120303983.calib
236,1.0293786525726318,91800,pulse_120303983.calib
237,1.0238817930221558,91850,pulse_120303983.calib
238,1.0179972648620605,91900,pulse_120303983.calib
239,1.0122134685516357,91950,pulse_120303983.calib
240,1.0060877799987793,92000,pulse_120303983.calib
241,1.0000139474868774,92050,pulse_120303983.calib
242,0.9935327172279358,92100,pulse_120303983.calib
243,0.987075686454773,92150,pulse_120303983.calib
244,0.9804220795631409,92200,pulse_120303983.calib
245,0.9737405776977539,92250,pulse_120303983.calib
246,0.9670019149780273,92300,pulse_120303983.calib
247,0.9599635601043701,92350,pulse_120303983.calib
248,0.9530361294746399,92400,pulse_120303983.calib
249,0.9460925459861755,92450,pulse_120303983.calib
250,0.9387521147727966,92500,pulse_120303983.calib
251,0.9316121935844421,92550,pulse_120303983.calib
252,0.9243449568748474,92600,pulse_120303983.calib
253,0.9171175360679626,92650,pulse_120303983.calib
254,0.9099199771881104,92700,pulse_120303983.calib
255,0.9025302529335022,92750,pulse_120303983.calib
256,0.8951586484909058,92800,pulse_120303983.calib
257,0.8879044651985168,92850,pulse_120303983.calib
258,0.8805734515190125,92900,pulse_120303983.calib
259,0.8732671141624451,92950,pulse_120303983.calib
260,0.8659945726394653,93000,pulse_120303983.calib
261,0.8587961196899414,93050,pulse_120303983.calib
262,0.8517823815345764,93100,pulse_120303983.calib
263,0.8637135624885559,93150,pulse_120303983.calib
264,0.8873547911643982,93200,pulse_120303983.calib
265,0.9106724858283997,93250,pulse_120303983.calib
266,0.9337882995605469,93300,pulse_120303983.calib
267,0.9564053416252136,93350,pulse_120303983.calib
268,0.9789717793464661,93400,pulse_120303983.calib
269,1.0008546113967896,93450,pulse_120303983.calib
270,1.0222818851470947,93500,pulse_120303983.calib
271,1.0428887605667114,93550,pulse_120303983.calib
272,1.044742226600647,93600,pulse_120303983.calib
273,1.036138892173767,93650,pulse_120303983.calib
274,1.0268992185592651,93700,pulse_120303983.calib
275,1.016979694366455,93750,pulse_120303983.calib
276,1.0065295696258545,93800,pulse_120303983.calib
277,0.9958818554878235,93850,pulse_120303983.calib
278,0.9844216108322144,93900,pulse_120303983.calib
279,0.9728073477745056,93950,pulse_120303983.calib
280,0.9604863524436951,94000,pulse_120303983.calib
281,0.9480242729187012,94050,pulse_120303983.calib
282,0.9348171353340149,94100,pulse_120303983.calib
283,0.9269433617591858,94150,pulse_120303983.calib
284,0.9293907284736633,94200,pulse_120303983.calib
285,0.9316763281822205,94250,pulse_120303983.calib
286,0.9337542057037354,94300,pulse_120303983.calib
287,0.93989098072052,94350,pulse_120303983.calib
288,0.9466725587844849,94400,pulse_120303983.calib
289,0.954356849193573,94450,pulse_120303983.calib
290,0.9627336859703064,94500,pulse_120303983.calib
291,0.972132682800293,94550,pulse_120303983.calib
292,0.982163667678833,94600,pulse_120303983.calib
293,0.993279755115509,94650,pulse_120303983.calib
294,1.0049110651016235,94700,pulse_120303983.calib
295,1.0177814960479736,94750,pulse_120303983.calib
296,1.0312765836715698,94800,pulse_120303983.calib
297,1.0458126068115234,94850,pulse_120303983.calib
298,1.0613534450531006,94900,pulse_120303983.calib
299,1.0777413845062256,94950,pulse_120303983.calib
300,1.0951991081237793,95000,pulse_120303983.calib
301,1.1137970685958862,95050,pulse_120303983.calib
302,1.133310079574585,95100,pulse_120303983.calib
303,1.153896450996399,95150,pulse_120303983.calib
304,1.1544208526611328,95200,pulse_120303983.calib
305,1.1536768674850464,95250,pulse_120303983.calib
306,1.1520880460739136,95300,pulse_120303983.calib
307,1.1501624584197998,95350,pulse_120303983.calib
308,1.1474109888076782,95400,pulse_120303983.calib
309,1.1439584493637085,95450,pulse_120303983.calib
310,1.139960765838623,95500,pulse_120303983.calib
311,1.134995698928833,95550,pulse_120303983.calib
312,1.1297158002853394,95600,pulse_120303983.calib
313,1.1238205432891846,95650,pulse_120303983.calib
314,1.117133617401123,95700,pulse_120303983.calib
315,1.1097068786621094,95750,pulse_120303983.calib
316,1.1017693281173706,95800,pulse_120303983.calib
317,1.0933959484100342,95850,pulse_120303983.calib
318,1.0844652652740479,95900,pulse_120303983.calib
319,1.0749305486679077,95950,pulse_120303983.calib
320,1.0649588108062744,96000,pulse_120303983.calib
321,1.0546540021896362,96050,pulse_120303983.calib
322,1.0438307523727417,96100,pulse_120303983.calib
323,1.0329227447509766,96150,pulse_120303983.calib
324,1.0215624570846558,96200,pulse_120303983.calib
325,1.010094404220581,96250,pulse_120303983.calib
326,0.9986515045166016,96300,pulse_120303983.calib
327,0.9868996739387512,96350,pulse_120303983.calib
328,0.9751948714256287,96400,pulse_120303983.calib
329,0.963513970375061,96450,pulse_120303983.calib
330,0.9520801305770874,96500,pulse_120303983.calib
331,0.9407082200050354,96550,pulse_120303983.calib
332,0.9294008016586304,96600,pulse_120303983.calib
333,0.9184849858283997,96650,pulse_120303983.calib
334,0.9079385995864868,96700,pulse_120303983.calib
335,0.8977352976799011,96750,pulse_120303983.calib
336,0.8878767490386963,96800,pulse_120303983.calib
337,0.8785598278045654,96850,pulse_120303983.calib
338,0.8697759509086609,96900,pulse_120303983.calib
339,0.8614577054977417,96950,pulse_120303983.calib
340,0.8539767265319824,97000,pulse_120303983.calib
341,0.8575578927993774,97050,pulse_120303983.calib
342,0.8614202737808228,97100,pulse_120303983.calib
343,0.865363359451294,97150,pulse_120303983.calib
344,0.8690398335456848,97200,pulse_120303983.calib
345,0.8727424144744873,97250,pulse_120303983.calib
346,0.8765906691551208,97300,pulse_120303983.calib
347,0.880425214767456,97350,pulse_120303983.calib
348,0.8943105936050415,97400,pulse_120303983.calib
349,0.9093226790428162,97450,pulse_120303983.calib
350,0.924983561038971,97500,pulse_120303983.calib
351,0.9412510991096497,97550,pulse_120303983.calib
352,0.9582735896110535,97600,pulse_120303983.calib
353,0.9755784273147583,97650,pulse_120303983.calib
354,0.9939098954200745,97700,pulse_120303983.calib
355,1.0127710103988647,97750,pulse_120303983.calib
356,1.032425045967102,97800,pulse_120303983.calib
357,1.052704095840454,97850,pulse_120303983.calib
358,1.0739892721176147,97900,pulse_120303983.calib
359,1.0750927925109863,97950,pulse_120303983.calib
360,1.0707650184631348,98000,pulse_120303983.calib
361,1.0661743879318237,98050,pulse_120303983.calib
362,1.0608985424041748,98100,pulse_120303983.calib
363,1.0554752349853516,98150,pulse_120303983.calib
364,1.0496025085449219,98200,pulse_120303983.calib
365,1.0431032180786133,98250,pulse_120303983.calib
366,1.036342978477478,98300,pulse_120303983.calib
367,1.02902090549469,98350,pulse_120303983.calib
368,1.0216193199157715,98400,pulse_120303983.calib
369,1.0135105848312378,98450,pulse_120303983.calib
370,1.0052411556243896,98500,pulse_120303983.calib
371,0.9965765476226807,98550,pulse_120303983.calib
372,0.9875472187995911,98600,pulse_120303983.calib
373,0.9781321287155151,98650,pulse_120303983.calib
374,0.9685817956924438,98700,pulse_120303983.calib
375,0.958312451839447,98750,pulse_120303983.calib
376,0.9479463696479797,98800,pulse_120303983.calib
377,0.9373278021812439,98850,pulse_120303983.calib
378,0.9444966912269592,98900,pulse_120303983.calib
379,0.9599055051803589,98950,pulse_120303983.calib
380,0.9790679812431335,99000,pulse_120303983.calib
381,0.9983212351799011,99050,pulse_120303983.calib
382,1.0176866054534912,99100,pulse_120303983.calib
383,1.0373406410217285,99150,pulse_120303983.calib
384,1.0571614503860474,99200,pulse_120303983.calib
385,1.077049970626831,99250,pulse_120303983.calib
386,1.0968562364578247,99300,pulse_120303983.calib
387,1.1168116331100464,99350,pulse_120303983.calib
388,1.1365883350372314,99400,pulse_120303983.calib
389,1.156437873840332,99450,pulse_120303983.calib
390,1.1762887239456177,99500,pulse_120303983.calib
391,1.195865273475647,99550,pulse_120303983.calib
392,1.2152568101882935,99600,pulse_120303983.calib
393,1.2344584465026855,99650,pulse_120303983.calib
394,1.2535649538040161,99700,pulse_120303983.calib
395,1.2718793153762817,99750,pulse_120303983.calib
396,1.290257215499878,99800,pulse_120303983.calib
397,1.3078749179840088,99850,pulse_120303983.calib
398,1.324990153312683,99900,pulse_120303983.calib
399,1.3418238162994385,99950,pulse_120303983.calib
400,1.3580001592636108,100000,pulse_120303983.calib
401,1.3733328580856323,100050,pulse_120303983.calib
402,1.3880245685577393,100100,pulse_120303983.calib
403,1.4018077850341797,100150,pulse_120303983.calib
404,1.4149547815322876,100200,pulse_120303983.calib
405,1.42693030834198,100250,pulse_120303983.calib
406,1.438043475151062,100300,pulse_120303983.calib
407,1.4482736587524414,100350,pulse_120303983.calib
408,1.457229495048523,100400,pulse_120303983.calib
409,1.4650923013687134,100450,pulse_120303983.calib
410,1.4717516899108887,100500,pulse_120303983.calib
411,1.4769089221954346,100550,pulse_120303983.calib
412,1.481149435043335,100600,pulse_120303983.calib
413,1.4839775562286377,100650,pulse_120303983.calib
414,1.4854060411453247,100700,pulse_120303983.calib
415,1.4851665496826172,100750,pulse_120303983.calib
416,1.4838557243347168,100800,pulse_120303983.calib
417,1.4809316396713257,100850,pulse_120303983.calib
418,1.4686390161514282,100900,pulse_120303983.calib
419,1.4429779052734375,100950,pulse_120303983.calib
420,1.419870138168335,101000,pulse_120303983.calib
421,1.3994003534317017,101050,pulse_120303983.calib
422,1.381073236465454,101100,pulse_120303983.calib
423,1.3650497198104858,101150,pulse_120303983.calib
424,1.3512117862701416,101200,pulse_120303983.calib
425,1.3394997119903564,101250,pulse_120303983.calib
426,1.3297171592712402,101300,pulse_120303983.calib
427,1.3222519159317017,101350,pulse_120303983.calib
428,1.316830039024353,101400,pulse_120303983.calib
429,1.3133352994918823,101450,pulse_120303983.calib
430,1.2924778461456299,101500,pulse_120303983.calib
431,1.2594060897827148,101550,pulse_120303983.calib
432,1.2280901670455933,101600,pulse_120303983.calib
433,1.1979799270629883,101650,pulse_120303983.calib
434,1.1767576932907104,101700,pulse_120303983.calib
435,1.1625139713287354,101750,pulse_120303983.calib
436,1.1488293409347534,101800,pulse_120303983.calib
437,1.1361135244369507,101850,pulse_120303983.calib
438,1.1127663850784302,101900,pulse_120303983.calib
439,1.0934765338897705,101950,pulse_120303983.calib
440,1.0758428573608398,102000,pulse_120303983.calib
441,1.059796929359436,102050,pulse_120303983.calib
442,1.0451946258544922,102100,pulse_120303983.calib
443,1.0319610834121704,102150,pulse_120303983.calib
444,1.0199776887893677,102200,pulse_120303983.calib
445,1.0091482400894165,102250,pulse_120303983.calib
446,0.9994664788246155,102300,pulse_120303983.calib
447,0.991046130657196,102350,pulse_120303983.calib
448,0.9834340214729309,102400,pulse_120303983.calib
449,0.976816713809967,102450,pulse_120303983.calib
450,0.9714123606681824,102500,pulse_120303983.calib
451,0.9666529297828674,102550,pulse_120303983.calib
452,0.9627726674079895,102600,pulse_120303983.calib
453,0.9597905874252319,102650,pulse_120303983.calib
454,0.9575420618057251,102700,pulse_120303983.calib
455,0.9559105634689331,102750,pulse_120303983.calib
456,0.9549486637115479,102800,pulse_120303983.calib
457,0.9548882842063904,102850,pulse_120303983.calib
458,0.9553988575935364,102900,pulse_120303983.calib
459,0.9565079212188721,102950,pulse_120303983.calib
460,0.9579685926437378,103000,pulse_120303983.calib
461,0.9601976871490479,103050,pulse_120303983.calib
462,0.962640106678009,103100,pulse_120303983.calib
463,0.9657074213027954,103150,pulse_120303983.calib
464,0.9691174030303955,103200,pulse_120303983.calib
465,0.9728488326072693,103250,pulse_120303983.calib
466,0.9769952893257141,103300,pulse_120303983.calib
467,0.9813621044158936,103350,pulse_120303983.calib
468,0.9858055710792542,103400,pulse_120303983.calib
469,0.9904271960258484,103450,pulse_120303983.calib
470,0.9952726364135742,103500,pulse_120303983.calib
471,1.0002175569534302,103550,pulse_120303983.calib
472,1.0048354864120483,103600,pulse_120303983.calib
473,1.009651780128479,103650,pulse_120303983.calib
474,0.9981593489646912,103700,pulse_120303983.calib
475,0.9862852096557617,103750,pulse_120303983.calib
476,0.97393399477005,103800,pulse_120303983.calib
477,0.9613417983055115,103850,pulse_120303983.calib
478,0.9484697580337524,103900,pulse_120303983.calib
479,0.9351767897605896,103950,pulse_120303983.calib
480,0.9213488698005676,104000,pulse_120303983.calib
481,0.9073325395584106,104050,pulse_120303983.calib
482,0.8927351832389832,104100,pulse_120303983.calib
483,0.8779575228691101,104150,pulse_120303983.calib
484,0.8626539707183838,104200,pulse_120303983.calib
485,0.8471304178237915,104250,pulse_120303983.calib
486,0.831113874912262,104300,pulse_120303983.calib
487,0.8253926634788513,104350,pulse_120303983.calib
488,0.8386772274971008,104400,pulse_120303983.calib
489,0.8512924313545227,104450,pulse_120303983.calib
490,0.8629339933395386,104500,pulse_120303983.calib
491,0.8741295337677002,104550,pulse_120303983.calib
492,0.884222686290741,104600,pulse_120303983.calib
493,0.893602192401886,104650,pulse_120303983.calib
494,0.9021508097648621,104700,pulse_120303983.calib
495,0.9097257852554321,104750,pulse_120303983.calib
496,0.9163960218429565,104800,pulse_120303983.calib
497,0.9219613075256348,104850,pulse_120303983.calib
498,0.926881730556488,104900,pulse_120303983.calib
499,0.93060702085495,104950,pulse_120303983.calib
500,0.9332618117332458,105000,pulse_120303983.calib
501,0.9347180128097534,105050,pulse_120303983.calib
502,0.935378909111023,105100,pulse_120303983.calib
503,0.9347524046897888,105150,pulse_120303983.calib
504,0.9332665801048279,105200,pulse_120303983.calib
505,0.922330915927887,105250,pulse_120303983.calib
506,0.910576581954956,105300,pulse_120303983.calib
507,0.8987551927566528,105350,pulse_120303983.calib
508,0.8872570395469666,105400,pulse_120303983.calib
509,0.875794529914856,105450,pulse_120303983.calib
510,0.8749988675117493,105500,pulse_120303983.calib
511,0.8835538029670715,105550,pulse_120303983.calib
512,0.892639696598053,105600,pulse_120303983.calib
513,0.9022391438484192,105650,pulse_120303983.calib
514,0.912651002407074,105700,pulse_120303983.calib
515,0.923511266708374,105750,pulse_120303983.calib
516,0.9352906346321106,105800,pulse_120303983.calib
517,0.9231652021408081,105850,pulse_120303983.calib
518,0.9095485210418701,105900,pulse_120303983.calib
519,0.9046340584754944,105950,pulse_120303983.calib
520,0.9019263982772827,106000,pulse_120303983.calib
521,0.9001786112785339,106050,pulse_120303983.calib
522,0.8994144797325134,106100,pulse_120303983.calib
523,0.899475634098053,106150,pulse_120303983.calib
524,0.9006480574607849,106200,pulse_120303983.calib
525,0.9028303027153015,106250,pulse_120303983.calib
526,0.905753493309021,106300,pulse_120303983.calib
527,0.9095419049263,106350,pulse_120303983.calib
528,0.9143450856208801,106400,pulse_120303983.calib
529,0.9202622175216675,106450,pulse_120303983.calib
530,0.9268688559532166,106500,pulse_120303983.calib
531,0.9345957636833191,106550,pulse_120303983.calib
532,0.9429495334625244,106600,pulse_120303983.calib
533,0.9526277184486389,106650,pulse_120303983.calib
534,0.9631040692329407,106700,pulse_120303983.calib
535,0.9748203158378601,106750,pulse_120303983.calib
536,0.9873911142349243,106800,pulse_120303983.calib
537,0.9928514957427979,106850,pulse_120303983.calib
538,0.9928843975067139,106900,pulse_120303983.calib
539,0.9935009479522705,106950,pulse_120303983.calib
540,0.9945616722106934,107000,pulse_120303983.calib
541,0.9962510466575623,107050,pulse_120303983.calib
542,0.9983049035072327,107100,pulse_120303983.calib
543,1.0012452602386475,107150,pulse_120303983.calib
544,1.0046011209487915,107200,pulse_120303983.calib
545,1.0087354183197021,107250,pulse_120303983.calib
546,1.0132919549942017,107300,pulse_120303983.calib
547,1.018591046333313,107350,pulse_120303983.calib
548,1.0246665477752686,107400,pulse_120303983.calib
549,1.031307339668274,107450,pulse_120303983.calib
550,1.0386918783187866,107500,pulse_120303983.calib
551,1.047001838684082,107550,pulse_120303983.calib
552,1.0558946132659912,107600,pulse_120303983.calib
553,1.065635085105896,107650,pulse_120303983.calib
554,1.0760313272476196,107700,pulse_120303983.calib
555,1.0872840881347656,107750,pulse_120303983.calib
556,1.099517822265625,107800,pulse_120303983.calib
557,1.1123836040496826,107850,pulse_120303983.calib
558,1.1264022588729858,107900,pulse_120303983.calib
559,1.1410160064697266,107950,pulse_120303983.calib
560,1.1565910577774048,108000,pulse_120303983.calib
561,1.1731042861938477,108050,pulse_120303983.calib
562,1.1906911134719849,108100,pulse_120303983.calib
563,1.2088340520858765,108150,pulse_120303983.calib
564,1.2280025482177734,108200,pulse_120303983.calib
565,1.2481777667999268,108250,pulse_120303983.calib
566,1.2514451742172241,108300,pulse_120303983.calib
567,1.2471449375152588,108350,pulse_120303983.calib
568,1.247851848602295,108400,pulse_120303983.calib
569,1.2576338052749634,108450,pulse_120303983.calib
570,1.2671923637390137,108500,pulse_120303983.calib
571,1.2774875164031982,108550,pulse_120303983.calib
572,1.2875456809997559,108600,pulse_120303983.calib
573,1.2979460954666138,108650,pulse_120303983.calib
574,1.3083641529083252,108700,pulse_120303983.calib
575,1.3187628984451294,108750,pulse_120303983.calib
576,1.329477071762085,108800,pulse_120303983.calib
577,1.3401210308074951,108850,pulse_120303983.calib
578,1.3506568670272827,108900,pulse_120303983.calib
579,1.3613154888153076,108950,pulse_120303983.calib
580,1.3718061447143555,109000,pulse_120303983.calib
581,1.3824350833892822,109050,pulse_120303983.calib
582,1.3926597833633423,109100,pulse_120303983.calib
583,1.40304434299469,109150,pulse_120303983.calib
584,1.4133307933807373,109200,pulse_120303983.calib
585,1.423214077949524,109250,pulse_120303983.calib
586,1.432815670967102,109300,pulse_120303983.calib
587,1.4424329996109009,109350,pulse_120303983.calib
588,1.4518134593963623,109400,pulse_120303983.calib
589,1.4609177112579346,109450,pulse_120303983.calib
590,1.469678521156311,109500,pulse_120303983.calib
591,1.478096842765808,109550,pulse_120303983.calib
592,1.4862375259399414,109600,pulse_120303983.calib
593,1.4939786195755005,109650,pulse_120303983.calib
594,1.5013911724090576,109700,pulse_120303983.calib
595,1.508639931678772,109750,pulse_120303983.calib
596,1.4954668283462524,109800,pulse_120303983.calib
597,1.4758028984069824,109850,pulse_120303983.calib
598,1.4556821584701538,109900,pulse_120303983.calib
599,1.4349250793457031,109950,pulse_120303983.calib
600,1.413875937461853,110000,pulse_120303983.calib
601,1.3922439813613892,110050,pulse_120303983.calib
602,1.37030827999115,110100,pulse_120303983.calib
603,1.3482391834259033,110150,pulse_120303983.calib
604,1.3254598379135132,110200,pulse_120303983.calib
605,1.302682876586914,110250,pulse_120303983.calib
606,1.2795414924621582,110300,pulse_120303983.calib
607,1.2563422918319702,110350,pulse_120303983.calib
608,1.2328392267227173,110400,pulse_120303983.calib
609,1.2092443704605103,110450,pulse_120303983.calib
610,1.1853595972061157,110500,pulse_120303983.calib
611,1.1653590202331543,110550,pulse_120303983.calib
612,1.162583827972412,110600,pulse_120303983.calib
613,1.1598825454711914,110650,pulse_120303983.calib
614,1.1571922302246094,110700,pulse_120303983.calib
615,1.1544814109802246,110750,pulse_120303983.calib
616,1.151877760887146,110800,pulse_120303983.calib
617,1.1494005918502808,110850,pulse_120303983.calib
618,1.1471937894821167,110900,pulse_120303983.calib
619,1.1450276374816895,110950,pulse_120303983.calib
620,1.1429646015167236,111000,pulse_120303983.calib
621,1.1412297487258911,111050,pulse_120303983.calib
622,1.139721393585205,111100,pulse_120303983.calib
623,1.1380531787872314,111150,pulse_120303983.calib
624,1.1369872093200684,111200,pulse_120303983.calib
625,1.1358320713043213,111250,pulse_120303983.calib
626,1.135097622871399,111300,pulse_120303983.calib
627,1.1346603631973267,111350,pulse_120303983.calib
628,1.1345843076705933,111400,pulse_120303983.calib
629,1.1345884799957275,111450,pulse_120303983.calib
630,1.134714961051941,111500,pulse_120303983.calib
631,1.1189032793045044,111550,pulse_120303983.calib
632,1.0996510982513428,111600,pulse_120303983.calib
633,1.0821259021759033,111650,pulse_120303983.calib
634,1.0658560991287231,111700,pulse_120303983.calib
635,1.0511064529418945,111750,pulse_120303983.calib
636,1.0376495122909546,111800,pulse_120303983.calib
637,1.0256167650222778,111850,pulse_120303983.calib
638,1.0150361061096191,111900,pulse_120303983.calib
639,1.0057687759399414,111950,pulse_120303983.calib
640,0.997901439666748,112000,pulse_120303983.calib
641,0.9916105270385742,112050,pulse_120303983.calib
642,0.9864771366119385,112100,pulse_120303983.calib
643,0.9825974106788635,112150,pulse_120303983.calib
644,0.980228841304779,112200,pulse_120303983.calib
645,0.9792662858963013,112250,pulse_120303983.calib
646,0.9799097180366516,112300,pulse_120303983.calib
647,0.9815221428871155,112350,pulse_120303983.calib
648,0.9846926331520081,112400,pulse_120303983.calib
649,0.9896622896194458,112450,pulse_120303983.calib
650,0.9958425164222717,112500,pulse_120303983.calib
651,1.0036259889602661,112550,pulse_120303983.calib
652,1.012955904006958,112600,pulse_120303983.calib
653,1.0221534967422485,112650,pulse_120303983.calib
654,1.0193954706192017,112700,pulse_120303983.calib
655,1.0175594091415405,112750,pulse_120303983.calib
656,1.0170987844467163,112800,pulse_120303983.calib
657,1.017398715019226,112850,pulse_120303983.calib
658,1.0187186002731323,112900,pulse_120303983.calib
659,1.0211814641952515,112950,pulse_120303983.calib
660,1.0247703790664673,113000,pulse_120303983.calib
661,1.0293048620224,113050,pulse_120303983.calib
662,1.035049319267273,113100,pulse_120303983.calib
663,1.0417174100875854,113150,pulse_120303983.calib
664,1.0496772527694702,113200,pulse_120303983.calib
665,1.0586544275283813,113250,pulse_120303983.calib
666,1.0688436031341553,113300,pulse_120303983.calib
667,1.0801881551742554,113350,pulse_120303983.calib
668,1.092947006225586,113400,pulse_120303983.calib
669,1.1046377420425415,113450,pulse_120303983.calib
670,1.106075406074524,113500,pulse_120303983.calib
671,1.1093512773513794,113550,pulse_120303983.calib
672,1.1080613136291504,113600,pulse_120303983.calib
673,1.0993396043777466,113650,pulse_120303983.calib
674,1.0904250144958496,113700,pulse_120303983.calib
675,1.0810078382492065,113750,pulse_120303983.calib
676,1.066030502319336,113800,pulse_120303983.calib
677,1.051023244857788,113850,pulse_120303983.calib
678,1.0375534296035767,113900,pulse_120303983.calib
679,1.0252625942230225,113950,pulse_120303983.calib
680,1.0143035650253296,114000,pulse_120303983.calib
681,1.0047919750213623,114050,pulse_120303983.calib
682,0.9964413046836853,114100,pulse_120303983.calib
683,0.9894345998764038,114150,pulse_120303983.calib
684,0.9836099147796631,114200,pulse_120303983.calib
685,0.9794687628746033,114250,pulse_120303983.calib
686,0.971825122833252,114300,pulse_120303983.calib
687,0.9624859094619751,114350,pulse_120303983.calib
688,0.9532316327095032,114400,pulse_120303983.calib
689,0.9440245032310486,114450,pulse_120303983.calib
690,0.9352875351905823,114500,pulse_120303983.calib
691,0.9269055128097534,114550,pulse_120303983.calib
692,0.9187242388725281,114600,pulse_120303983.calib
693,0.9108102917671204,114650,pulse_120303983.calib
694,0.9033231139183044,114700,pulse_120303983.calib
695,0.8965244889259338,114750,pulse_120303983.calib
696,0.889672577381134,114800,pulse_120303983.calib
697,0.8833325505256653,114850,pulse_120303983.calib
698,0.880615234375,114900,pulse_120303983.calib
699,0.8814411759376526,114950,pulse_120303983.calib
700,0.8818590044975281,115000,pulse_120303983.calib
701,0.8813056349754333,115050,pulse_120303983.calib
702,0.8802505731582642,115100,pulse_120303983.calib
703,0.8829094171524048,115150,pulse_120303983.calib
704,0.8868086934089661,115200,pulse_120303983.calib
705,0.8905977606773376,115250,pulse_120303983.calib
706,0.8937036395072937,115300,pulse_120303983.calib
707,0.8966737389564514,115350,pulse_120303983.calib
708,0.8990764617919922,115400,pulse_120303983.calib
709,0.9010763764381409,115450,pulse_120303983.calib
710,0.9027822017669678,115500,pulse_120303983.calib
711,0.9038425087928772,115550,pulse_120303983.calib
712,0.904604971408844,115600,pulse_120303983.calib
713,0.9050559997558594,115650,pulse_120303983.calib
714,0.904952883720398,115700,pulse_120303983.calib
715,0.9035543203353882,115750,pulse_120303983.calib
716,0.8966931700706482,115800,pulse_120303983.calib
717,0.8900870084762573,115850,pulse_120303983.calib
718,0.89577317237854,115900,pulse_120303983.calib
719,0.9086771607398987,115950,pulse_120303983.calib
720,0.9145457148551941,116000,pulse_120303983.calib
721,0.9192399382591248,116050,pulse_120303983.calib
722,0.924223780632019,116100,pulse_120303983.calib
723,0.9292831420898438,116150,pulse_120303983.calib
724,0.9343864917755127,116200,pulse_120303983.calib
725,0.9397487640380859,116250,pulse_120303983.calib
726,0.9510217905044556,116300,pulse_120303983.calib
727,0.9676840901374817,116350,pulse_120303983.calib
728,0.985213577747345,116400,pulse_120303983.calib
729,1.0039832592010498,116450,pulse_120303983.calib
730,1.023342490196228,116500,pulse_120303983.calib
731,1.0435969829559326,116550,pulse_120303983.calib
732,1.064924955368042,116600,pulse_120303983.calib
733,1.0867141485214233,116650,pulse_120303983.calib
734,1.1096218824386597,116700,pulse_120303983.calib
735,1.133326530456543,116750,pulse_120303983.calib
736,1.1580274105072021,116800,pulse_120303983.calib
737,1.1833610534667969,116850,pulse_120303983.calib
738,1.209867238998413,116900,pulse_120303983.calib
739,1.2370973825454712,116950,pulse_120303983.calib
740,1.2651851177215576,117000,pulse_120303983.calib
741,1.2941391468048096,117050,pulse_120303983.calib
742,1.3150120973587036,117100,pulse_120303983.calib
743,1.3073713779449463,117150,pulse_120303983.calib
744,1.301016926765442,117200,pulse_120303983.calib
745,1.295812964439392,117250,pulse_120303983.calib
746,1.2913215160369873,117300,pulse_120303983.calib
747,1.2879960536956787,117350,pulse_120303983.calib
748,1.2857916355133057,117400,pulse_120303983.calib
749,1.284619688987732,117450,pulse_120303983.calib
750,1.2842541933059692,117500,pulse_120303983.calib
751,1.285139799118042,117550,pulse_120303983.calib
752,1.2871026992797852,117600,pulse_120303983.calib
753,1.2900559902191162,117650,pulse_120303983.calib
754,1.2802239656448364,117700,pulse_120303983.calib
755,1.253050684928894,117750,pulse_120303983.calib
756,1.2276370525360107,117800,pulse_120303983.calib
757,1.2038236856460571,117850,pulse_120303983.calib
758,1.1814957857131958,117900,pulse_120303983.calib
759,1.1610791683197021,117950,pulse_120303983.calib
760,1.1419352293014526,118000,pulse_120303983.calib
761,1.12459135055542,118050,pulse_120303983.calib
762,1.1086204051971436,118100,pulse_120303983.calib
763,1.093935251235962,118150,pulse_120303983.calib
764,1.0758637189865112,118200,pulse_120303983.calib
765,1.052404761314392,118250,pulse_120303983.calib
766,1.0310404300689697,118300,pulse_120303983.calib
767,1.0117864608764648,118350,pulse_120303983.calib
768,0.9948571920394897,118400,pulse_120303983.calib
769,0.9858490228652954,118450,pulse_120303983.calib
770,0.9779323935508728,118500,pulse_120303983.calib
771,0.9711828827857971,118550,pulse_120303983.calib
772,0.9655388593673706,118600,pulse_120303983.calib
773,0.9608628153800964,118650,pulse_120303983.calib
774,0.9571218490600586,118700,pulse_120303983.calib
775,0.9544316530227661,118750,pulse_120303983.calib
776,0.952863335609436,118800,pulse_120303983.calib
777,0.9520505666732788,118850,pulse_120303983.calib
778,0.9521276950836182,118900,pulse_120303983.calib
779,0.9532923698425293,118950,pulse_120303983.calib
780,0.9673240184783936,119000,pulse_120303983.calib
781,0.9886762499809265,119050,pulse_120303983.calib
782,1.0107094049453735,119100,pulse_120303983.calib
783,1.033732295036316,119150,pulse_120303983.calib
784,1.0576550960540771,119200,pulse_120303983.calib
785,1.082311987876892,119250,pulse_120303983.calib
786,1.1078455448150635,119300,pulse_120303983.calib
787,1.1137160062789917,119350,pulse_120303983.calib
788,1.113111972808838,119400,pulse_120303983.calib
789,1.1120288372039795,119450,pulse_120303983.calib
790,1.1103569269180298,119500,pulse_120303983.calib
791,1.1080937385559082,119550,pulse_120303983.calib
792,1.105770468711853,119600,pulse_120303983.calib
793,1.1027945280075073,119650,pulse_120303983.calib
794,1.0995723009109497,119700,pulse_120303983.calib
795,1.095802903175354,119750,pulse_120303983.calib
796,1.0917226076126099,119800,pulse_120303983.calib
797,1.0874437093734741,119850,pulse_120303983.calib
798,1.082821249961853,119900,pulse_120303983.calib
799,1.0779902935028076,119950,pulse_120303983.calib
